;Tabela 3 - Pessoas de 15 anos ou mais de idade que não sabem ler e escrever, total e respectivas;;;;;;;;;;
;taxas de analfabetismo, por cor ou raça e grupos de idade, segundo os municípios e as ;;;;;;;;;;
; classes de tamanho da população dos municípios - Maranhão - 2010;;;;;;;;;;
;;;;;;;;;;;(continua)
Código do município;"Municípios e
classes de tamanho da
população dos municípios
(habitantes)";"Pessoas de 15 anos ou mais de idade que não sabem ler e escrever,
total e respectivas taxas de analfabetismo, por grupos de idade (%)";;;;;;;;;
;;15 anos ou mais;;15 a 24 anos;;25 a 39 anos;;40 a 59 anos;;60 anos ou mais;
;;Total;"Taxa
(%)";Total;"Taxa
(%)";Total;"Taxa
(%)";Total;"Taxa
(%)";Total;"Taxa
(%)"
;Total;;;;;;;;;;
;               Maranhão;  948 163;20,9;  78 609;5,9;  223 512;14,9;  339 307;29,9;  306 735;53,9
;Até 5.000 ;  5 032;27,1;   371;6,8;  1 155;21,3;  1 866;37,9;  1 640;59,7
2105658;Junco do Maranhão;   714;27,2;   52;6,3;   178;20,6;   280;44,1;   204;66,5
2107258;Nova Colinas;   711;22,5;   42;4,4;   140;14,5;   250;31,6;   279;63,1
2107308;Nova Iorque;   994;30,8;   77;8,6;   203;22,9;   366;41,5;   348;61,6
2110807;São Félix de Balsas;   981;29,6;   96;10,3;   238;25,7;   363;37,8;   284;57,0
2111573;São Pedro dos Crentes;   575;19,1;   44;4,6;   145;15,8;   204;27,1;   182;48,0
2111953;Sucupira do Riachão;  1 057;33,0;   60;6,9;   251;28,9;   403;44,3;   343;61,9
;De 5.001 a 10.000 ;  41 973;28,6;  3 653;8,2;  10 622;23,2;  15 040;41,1;  12 658;63,9
2100105;Afonso Cunha;  1 277;34,6;   89;7,2;   317;27,7;   509;58,3;   362;82,3
2100550;Amapá do Maranhão;  1 329;33,3;   124;9,4;   363;27,9;   489;53,3;   353;76,9
2101350;Bacurituba;   888;23,9;   47;4,7;   176;15,6;   302;33,6;   363;53,7
2101731;Belágua;  1 442;39,2;   154;11,7;   435;38,0;   544;63,9;   309;84,0
2101806;Benedito Leite;  1 156;29,2;   78;7,2;   243;23,5;   407;34,6;   428;65,1
2101939;Bernardo do Mearim;  1 146;26,8;   71;6,5;   275;19,5;   415;37,7;   385;57,3
2101970;Boa Vista do Gurupi;  1 144;23,7;   93;5,9;   286;18,6;   411;36,5;   354;61,6
2102150;Brejo de Areia;  1 235;35,1;   138;12,2;   379;33,3;   442;50,7;   276;72,8
2102374;Cachoeira Grande;  1 577;30,4;   190;10,4;   399;26,2;   565;46,8;   423;67,9
2103125;Central do Maranhão;  1 362;26,7;   87;5,6;   275;17,9;   515;41,6;   485;64,3
2104073;Feira Nova do Maranhão;  1 042;19,8;   61;3,9;   203;12,6;   389;27,9;   389;53,8
2104081;Fernando Falcão;  2 175;38,1;   300;15,8;   776;40,9;   648;50,7;   451;70,1
2104628;Governador Luiz Rocha;  1 523;30,9;   117;8,2;   337;21,8;   583;46,3;   486;69,7
2104701;Graça Aranha;  1 320;30,1;   94;7,9;   264;20,1;   476;41,7;   486;66,1
2105450;Jatobá;  1 804;32,4;   154;9,1;   460;26,2;   680;49,0;   510;70,4
2105948;Lago dos Rodrigues;  1 636;30,1;   89;6,2;   377;22,5;   591;41,3;   579;65,1
2105989;Lajeado Novo;   892;18,7;   63;4,6;   173;11,5;   344;27,3;   312;47,9
2106201;Luís Domingues;   860;19,4;   81;5,7;   200;14,1;   293;28,5;   286;50,8
2106359;Marajá do Sena;  1 946;40,0;   305;18,6;   728;42,3;   643;56,5;   270;74,0
2106672;Milagres do Maranhão;  1 795;35,4;   170;10,9;   532;31,9;   627;52,5;   466;71,6
2107001;Montes Altos;  1 263;19,8;   78;4,4;   243;12,1;   439;26,6;   503;52,0
2109056;Porto Rico do Maranhão;   665;15,5;   21;1,9;   98;7,5;   222;19,2;   324;46,3
2109239;Presidente Médici;  1 099;25,7;   54;4,1;   198;14,9;   429;41,6;   418;70,4
2109551;Ribamar Fiquene;  1 084;21,8;   51;3,4;   221;14,2;   396;31,4;   416;63,1
2109700;Sambaíba;   810;22,1;   64;6,1;   149;14,6;   267;26,1;   330;56,9
2109759;Santa Filomena do Maranhão;  1 464;31,6;   102;7,0;   415;28,1;   553;48,7;   394;68,8
2110658;São Domingos do Azeitão;  1 390;30,0;   155;11,1;   341;24,9;   499;40,0;   395;64,0
2111250;São José dos Basílios;  1 662;32,5;   123;8,0;   363;24,1;   651;50,0;   525;67,2
2111631;São Raimundo do Doca Bezerra;  1 529;38,2;   184;14,0;   464;37,5;   528;53,6;   353;75,1
2111672;São Roberto;  1 384;34,7;   149;11,7;   465;33,3;   476;53,8;   294;68,1
2112001;Tasso Fragoso;   891;17,8;   79;4,9;   174;11,6;   311;24,4;   327;52,0
2112274;Tufilândia;  1 183;34,1;   88;9,2;   293;26,0;   396;48,0;   406;72,4
;De 10.001 a 20.000 ;  234 260;27,8;  19 986;7,8;  57 602;21,5;  83 788;40,8;  72 884;63,9
2100154;Água Doce do Maranhão;  2 837;36,0;   328;13,8;   786;32,0;   876;47,7;   847;70,7
2100402;Altamira do Maranhão;  2 431;33,0;   183;8,4;   708;29,5;   917;48,8;   623;68,6
2100501;Alto Parnaíba;  1 513;21,2;   109;5,2;   317;15,1;   551;28,4;   536;54,2
2100808;Anapurus;  2 748;29,9;   251;8,9;   726;23,5;  1 028;47,3;   743;67,4
2100832;Apicum-Açu;  1 880;18,7;   176;5,2;   459;14,3;   699;29,7;   546;49,1
2100873;Araguanã;  2 553;28,2;   235;8,8;   750;22,8;   851;41,4;   717;67,4
2101103;Axixá;  1 272;16,3;   76;3,2;   234;9,5;   442;25,0;   520;46,0
2101251;Bacabeira;  1 853;18,3;   130;4,0;   396;11,5;   679;29,3;   648;57,8
2101301;Bacuri;  2 676;23,7;   220;6,0;   549;16,6;   906;34,3;  1 001;59,1
2101509;Barão de Grajaú;  2 959;22,7;   162;4,4;   646;15,8;  1 101;32,5;  1 050;56,6
2101772;Bela Vista do Maranhão;  2 352;29,4;   216;8,8;   527;20,9;   829;43,8;   780;70,1
2102077;Bom Lugar;  3 215;32,1;   207;7,4;   841;23,0;  1 274;54,0;   893;74,8
2102358;Buritirana;  2 762;28,5;   204;7,3;   649;21,4;   944;39,1;   965;66,3
2102408;Cajapió;  1 828;25,6;   226;10,2;   442;19,4;   598;36,8;   562;55,2
2102507;Cajari;  2 584;21,7;   301;8,0;   710;18,3;   844;30,3;   729;49,8
2102556;Campestre do Maranhão;  1 928;21,2;   109;3,8;   435;14,3;   762;35,7;   622;60,1
2102606;Cândido Mendes;  2 646;21,5;   309;7,6;   681;17,4;   870;30,6;   786;51,3
2102754;Capinzal do Norte;  2 418;32,2;   196;9,6;   568;24,6;   861;44,8;   793;64,0
2103109;Cedral;  1 263;17,2;   80;4,0;   242;10,2;   476;25,2;   465;44,1
2103158;Centro do Guilherme;  2 347;28,8;   284;9,7;   573;21,8;   967;51,5;   523;73,0
2103174;Centro Novo do Maranhão;  2 753;25,4;   352;9,8;   814;20,5;   989;41,8;   598;66,1
2103257;Cidelândia;  2 222;24,3;   123;4,7;   472;16,0;   837;35,6;   790;63,7
2103554;Conceição do Lago-Açu;  3 076;34,9;   383;13,9;   954;31,7;  1 075;51,3;   664;69,0
2103752;Davinópolis;  2 099;25,0;   108;4,3;   393;14,7;   768;38,3;   830;67,3
2103901;Duque Bacelar;  2 178;32,0;   213;9,7;   567;27,3;   762;46,7;   636;70,4
2104008;Esperantinópolis;  3 948;30,9;   303;8,1;  1 007;26,1;  1 396;42,7;  1 242;65,7
2104099;Formosa da Serra Negra;  2 177;18,5;   207;5,2;   541;14,0;   740;27,6;   689;55,1
2104107;Fortaleza dos Nogueiras;  1 267;15,9;   51;2,0;   269;10,6;   466;24,6;   481;49,6
2104206;Fortuna;  3 088;30,5;   180;6,3;   637;21,8;  1 176;43,5;  1 095;66,7
2104305;Godofredo Viana;  1 233;17,0;   106;4,7;   327;13,2;   441;24,7;   359;48,8
2104404;Gonçalves Dias;  4 196;34,8;   364;11,0;   964;26,4;  1 531;47,7;  1 337;69,6
2104503;Governador Archer;  2 231;31,5;   164;8,0;   535;25,2;   786;43,5;   746;67,3
2104552;Governador Edison Lobão;  2 119;19,6;   119;3,8;   471;12,9;   778;29,4;   751;55,8
2104602;Governador Eugênio Barros;  3 838;35,9;   330;10,8;   912;28,1;  1 379;50,7;  1 217;72,6
2104651;Governador Newton Bello;  2 771;36,2;   288;11,8;   834;33,4;   960;54,3;   689;73,8
2104909;Guimarães;  1 367;15,8;   79;3,3;   206;8,0;   416;19,1;   666;43,4
2105153;Igarapé do Meio;  2 313;28,4;   204;7,7;   513;20,1;   846;44,9;   750;71,7
2105203;Igarapé Grande;  2 254;28,6;   145;6,9;   499;20,2;   829;39,8;   781;63,5
2105351;Itaipava do Grajaú;  3 073;34,2;   374;12,0;   918;32,5;  1 014;50,3;   767;74,4
2105476;Jenipapo dos Vieiras;  3 291;34,2;   458;14,5;   979;30,2;   971;47,5;   883;73,8
2105609;Joselândia;  3 546;33,7;   352;11,2;   899;28,2;  1 223;46,4;  1 072;68,6
2105807;Lago do Junco;  2 375;33,0;   173;7,8;   640;28,7;   919;49,4;   643;70,9
2105906;Lago Verde;  3 257;33,0;   224;7,3;   837;27,0;  1 244;52,2;   952;71,6
2105922;Lagoa do Mato;  2 519;33,0;   198;8,5;   647;27,5;   943;49,4;   731;71,1
2105963;Lagoa Grande do Maranhão;  2 334;35,3;   347;15,5;   733;35,6;   795;49,5;   459;65,2
2106003;Lima Campos;  2 539;31,1;   164;7,7;   537;22,6;   932;40,7;   906;65,6
2106102;Loreto;  1 760;22,3;   125;4,9;   357;15,6;   618;31,0;   660;62,0
2106300;Magalhães de Almeida;  3 693;30,5;   338;9,2;   981;24,7;  1 254;44,2;  1 120;68,2
2106326;Maracaçumé;  3 135;25,5;   276;7,1;   792;19,8;  1 091;38,2;   976;63,5
2106375;Maranhãozinho;  2 687;27,6;   304;9,6;   663;21,0;  1 060;43,0;   660;69,0
2106409;Mata Roma;  2 800;28,5;   262;8,5;   692;22,0;   980;42,0;   866;68,2
2106631;Matões do Norte;  3 101;34,0;   283;10,4;   792;24,9;  1 297;58,9;   729;72,8
2106805;Mirinzal;  1 632;16,8;   127;4,5;   299;9,7;   555;23,0;   651;45,9
2107100;Morros;  3 317;29,8;   333;8,6;   947;27,8;  1 146;46,3;   891;64,0
2107209;Nina Rodrigues;  2 165;28,4;   194;7,3;   546;23,2;   826;47,8;   599;69,5
2107357;Nova Olinda do Maranhão;  3 617;28,0;   204;5,1;   780;18,9;  1 406;45,9;  1 227;71,4
2107407;Olho d'Água das Cunhãs;  4 539;34,4;   398;10,9;  1 206;28,2;  1 650;49,1;  1 285;68,2
2107456;Olinda Nova do Maranhão;  2 315;25,9;   264;9,1;   462;16,4;   841;39,9;   748;66,3
2107605;Palmeirândia;  3 397;26,2;   238;6,2;   736;17,6;  1 229;38,9;  1 194;67,1
2107902;Passagem Franca;  4 224;35,4;   364;10,8;  1 138;31,3;  1 523;48,6;  1 199;66,7
2108009;Pastos Bons;  3 014;24,4;   199;5,7;   681;18,0;  1 081;34,1;  1 053;55,9
2108058;Paulino Neves;  2 682;30,1;   259;8,2;   674;26,2;   973;48,5;   776;67,5
2108405;Peri Mirim;  2 246;22,5;   134;4,9;   447;13,9;   834;32,5;   831;56,8
2108801;Pirapemas;  3 355;30,1;   315;9,1;   788;22,7;  1 226;45,4;  1 026;67,6
2108900;Poção de Pedras;  4 440;31,6;   295;7,8;  1 106;24,9;  1 647;44,5;  1 392;65,7
2109205;Presidente Juscelino;  2 012;28,3;   156;6,2;   527;24,4;   756;46,9;   573;69,1
2109270;Presidente Sarney;  3 335;30,4;   301;8,4;   824;24,2;  1 060;44,0;  1 150;71,8
2109304;Presidente Vargas;  1 915;28,8;   158;7,2;   463;23,0;   716;45,0;   578;67,8
2109403;Primeira Cruz;  2 242;26,2;   293;10,5;   659;24,2;   691;35,6;   599;54,3
2110237;Santana do Maranhão;  2 630;34,3;   197;7,8;   700;29,1;   882;53,2;   851;78,8
2110278;Santo Amaro do Maranhão;  2 095;24,5;   202;6,6;   635;23,6;   677;38,3;   581;58,5
2110302;Santo Antônio dos Lopes;  3 077;30,6;   200;7,1;   783;24,5;  1 152;44,4;   942;63,7
2110401;São Benedito do Rio Preto;  3 391;31,0;   381;10,7;   817;25,2;  1 129;44,6;  1 064;67,5
2110856;São Francisco do Brejão;  1 823;26,7;   122;6,3;   453;19,5;   667;39,3;   581;65,5
2110906;São Francisco do Maranhão;  3 056;36,1;   220;9,7;   829;33,1;  1 051;46,7;   956;65,6
2111003;São João Batista;  3 062;22,0;   181;4,7;   590;12,9;  1 074;32,4;  1 217;56,8
2111029;São João do Carú;  2 635;34,9;   305;12,5;   838;32,3;   894;52,2;   598;73,7
2111052;São João do Paraíso;  1 566;21,2;   117;5,7;   336;14,4;   526;27,8;   587;52,8
2111078;São João do Soter;  4 368;39,7;   310;10,2;  1 006;30,8;  1 655;56,9;  1 397;77,6
2111532;São Pedro da Água Branca;  2 264;28,4;   147;6,1;   534;21,2;   813;42,0;   770;72,0
2111607;São Raimundo das Mangabeiras;  2 416;20,2;   134;3,7;   407;12,1;   888;28,4;   987;55,5
2111722;Satubinha;  2 291;30,4;   226;9,2;   717;27,5;   802;48,3;   546;66,9
2111748;Senador Alexandre Costa;  2 320;34,1;   191;8,9;   509;26,2;   854;50,6;   766;74,8
2111763;Senador La Rocque;  3 541;29,6;   274;8,0;   767;20,8;  1 204;40,3;  1 296;68,5
2111789;Serrano do Maranhão;  2 278;32,6;   198;9,7;   579;25,8;   850;48,2;   651;68,5
2111805;Sítio Novo;  2 414;21,0;   230;6,7;   551;15,1;   860;29,2;   773;51,5
2111904;Sucupira do Norte;  1 857;25,9;   144;6,9;   413;20,6;   692;35,0;   608;54,9
2112233;Trizidela do Vale;  3 345;24,8;   226;6,3;   725;16,2;  1 160;34,7;  1 234;60,3
2112852;Vila Nova dos Martírios;  2 079;28,2;   150;6,5;   509;20,6;   807;45,9;   613;72,6
;De 20.001 a 50.000 ;  357 473;26,4;  30 934;7,6;  84 541;19,7;  128 653;38,8;  113 345;61,6
2100204;Alcântara;  3 435;22,4;   204;4,7;   505;10,5;  1 319;33,1;  1 407;63,6
2100303;Aldeias Altas;  5 772;37,7;   630;13,2;  1 500;30,9;  2 138;56,6;  1 504;77,7
2100436;Alto Alegre do Maranhão;  4 843;29,3;   396;7,8;  1 159;21,5;  1 870;45,9;  1 418;70,4
2100477;Alto Alegre do Pindaré;  6 410;32,3;   469;7,6;  1 596;25,5;  2 323;50,0;  2 022;72,9
2100600;Amarante do Maranhão;  6 713;28,4;   705;9,6;  1 711;22,4;  2 321;41,4;  1 976;65,2
2100709;Anajatuba;  4 878;27,3;   313;6,2;  1 055;18,4;  1 776;40,7;  1 734;63,4
2100907;Araioses;  9 682;33,7;  1 062;12,5;  2 613;29,1;  3 127;45,7;  2 880;65,4
2100956;Arame;  6 531;33,0;   858;12,9;  1 923;30,1;  2 178;49,0;  1 572;69,8
2101004;Arari;  4 407;22,0;   370;6,2;   918;14,4;  1 685;33,8;  1 434;54,0
2101905;Bequimão;  3 529;24,2;   172;4,3;   526;12,3;  1 243;33,3;  1 588;63,6
2102002;Bom Jardim;  8 055;31,8;   751;10,0;  2 032;25,6;  2 868;45,7;  2 404;67,9
2102036;Bom Jesus das Selvas;  5 041;27,4;   567;9,1;  1 380;21,6;  1 944;47,0;  1 150;68,6
2102101;Brejo;  6 622;29,9;   538;8,4;  1 809;25,3;  2 335;43,4;  1 940;61,2
2102200;Buriti;  5 114;30,3;   437;8,2;  1 279;24,8;  1 869;45,6;  1 529;65,6
2102309;Buriti Bravo;  4 664;30,4;   346;7,7;  1 008;23,3;  1 724;42,9;  1 586;64,4
2102705;Cantanhede;  3 903;28,9;   327;7,6;   901;20,8;  1 494;45,3;  1 181;73,1
2102804;Carolina;  2 514;15,1;   143;3,2;   446;8,9;   841;19,0;  1 084;39,3
2102903;Carutapera;  2 819;19,6;   267;5,5;   722;15,4;   963;30,1;   867;51,9
2103406;Coelho Neto;  9 034;29,0;   571;6,1;  1 998;21,0;  3 562;43,5;  2 903;70,2
2103505;Colinas;  7 901;29,8;   801;9,6;  2 097;25,5;  2 877;44,0;  2 126;63,0
2103703;Cururupu;  3 961;17,4;   242;4,0;   771;10,9;  1 426;23,6;  1 522;42,1
2103802;Dom Pedro;  3 876;24,2;   234;5,4;   819;15,8;  1 451;35,4;  1 372;58,3
2104057;Estreito;  3 840;15,2;   359;4,7;   896;9,8;  1 428;23,6;  1 157;46,1
2104677;Governador Nunes Freire;  4 050;25,4;   356;6,7;   997;19,3;  1 535;41,1;  1 162;68,6
2105005;Humberto de Campos;  3 734;23,6;   427;8,2;  1 033;21,0;  1 224;33,9;  1 050;50,7
2105104;Icatu;  3 544;22,1;   190;3,7;   796;16,2;  1 319;35,6;  1 239;55,7
2105427;Itinga do Maranhão;  3 948;23,5;   255;5,3;   932;16,4;  1 600;36,4;  1 161;61,3
2105500;João Lisboa;  3 142;22,3;   192;4,8;   597;12,9;  1 081;31,9;  1 272;62,0
2105708;Lago da Pedra;  9 584;30,6;   796;8,4;  2 480;25,4;  3 450;45,0;  2 858;64,4
2106508;Matinha;  2 846;18,8;   233;5,2;   570;11,7;  1 026;27,1;  1 017;49,6
2106607;Matões;  7 181;35,7;   573;9,9;  1 704;28,1;  2 608;51,7;  2 296;72,4
2106706;Mirador;  3 980;29,5;   417;10,1;   978;23,8;  1 413;41,7;  1 172;63,6
2106755;Miranda do Norte;  3 653;21,1;   225;4,5;   743;11,8;  1 460;36,4;  1 225;62,3
2106904;Monção;  5 525;27,6;   625;9,7;  1 360;21,9;  2 059;42,0;  1 481;59,4
2107704;Paraibano;  4 358;30,6;   292;7,1;   908;22,0;  1 641;44,0;  1 517;68,1
2107803;Parnarama;  8 252;35,9;   694;10,6;  2 008;28,4;  3 014;51,0;  2 536;73,3
2108108;Paulo Ramos;  4 824;36,3;   510;12,4;  1 300;31,6;  1 686;52,2;  1 328;72,7
2108207;Pedreiras;  5 566;19,5;   326;4,3;  1 070;11,6;  1 919;26,0;  2 251;51,0
2108256;Pedro do Rosário;  4 054;28,7;   412;9,1;  1 026;23,0;  1 406;41,6;  1 210;68,9
2108306;Penalva;  4 612;20,8;   368;5,1;   955;13,8;  1 621;32,1;  1 668;54,9
2108454;Peritoró;  5 136;36,7;   454;11,4;  1 259;28,7;  1 978;54,2;  1 445;73,1
2108504;Pindaré-Mirim;  4 233;20,1;   317;5,1;   900;13,4;  1 502;29,8;  1 514;49,3
2108702;Pio XII;  4 622;31,5;   596;13,4;  1 139;25,2;  1 477;41,6;  1 410;65,3
2109007;Porto Franco;  2 330;15,4;   139;3,1;   477;9,4;   858;22,9;   856;45,5
2109106;Presidente Dutra;  6 919;21,6;   450;4,9;  1 492;14,4;  2 563;31,0;  2 414;58,1
2109452;Raposa;  2 742;15,3;   227;4,1;   698;10,4;  1 039;25,2;   778;49,0
2109502;Riachão;  2 731;20,1;   138;3,8;   511;12,1;   952;26,6;  1 130;52,6
2109601;Rosário;  4 956;18,1;   375;4,4;   970;11,1;  1 766;27,0;  1 845;52,1
2109809;Santa Helena;  6 001;22,8;   659;8,1;  1 371;15,7;  1 974;33,0;  1 997;58,1
2110039;Santa Luzia do Paruá;  3 680;23,9;   260;5,3;   715;14,5;  1 369;39,1;  1 336;64,0
2110104;Santa Quitéria do Maranhão;  6 132;32,8;   686;11,6;  1 659;28,5;  2 045;46,2;  1 742;69,4
2110203;Santa Rita;  4 990;22,1;   382;5,5;  1 046;14,0;  1 791;34,6;  1 771;60,4
2110500;São Bento;  5 818;19,7;   333;3,9;  1 139;11,8;  2 172;29,4;  2 174;55,8
2110609;São Bernardo;  5 163;29,2;   455;8,5;  1 205;21,6;  1 815;43,3;  1 688;67,4
2110708;São Domingos do Maranhão;  6 374;27,8;   412;6,4;  1 536;20,7;  2 364;41,3;  2 062;63,4
2111102;São João dos Patos;  4 365;24,1;   288;6,0;   892;16,9;  1 527;30,8;  1 658;54,4
2111409;São Luís Gonzaga do Maranhão;  4 828;35,5;   387;10,2;  1 257;28,9;  1 760;50,6;  1 424;72,2
2111508;São Mateus do Maranhão;  8 335;31,4;   731;9,4;  1 839;23,6;  3 084;44,3;  2 681;67,6
2111706;São Vicente Ferrer;  3 794;26,3;   343;7,5;   819;18,6;  1 302;38,1;  1 330;65,9
2112100;Timbiras;  7 026;37,8;   799;13,8;  1 813;33,3;  2 548;54,0;  1 866;71,7
2112308;Tuntum;  7 992;29,8;   679;8,8;  1 974;23,2;  2 843;42,5;  2 496;64,2
2112407;Turiaçu;  5 294;24,8;   636;9,2;  1 467;21,0;  1 740;35,8;  1 451;56,8
2112456;Turilândia;  4 372;30,4;   518;11,0;  1 119;23,9;  1 591;47,0;  1 144;70,6
2112605;Urbano Santos;  4 603;30,1;   482;9,0;  1 214;25,3;  1 631;48,9;  1 276;69,5
2112704;Vargem Grande;  10 284;32,0;  1 103;10,5;  2 656;25,9;  3 625;49,6;  2 900;72,2
2112803;Viana;  5 949;17,8;   494;4,9;  1 289;12,0;  1 992;24,8;  2 174;47,3
2112902;Vitória do Mearim;  5 263;25,1;   407;6,3;  1 167;18,2;  2 003;38,0;  1 686;58,4
2113009;Vitorino Freire;  7 144;32,8;   531;8,9;  1 797;26,7;  2 518;44,8;  2 298;65,7
;De 50.001 a 100.000 ;  141 939;24,2;  12 050;6,7;  34 577;18,1;  50 233;35,7;  45 079;60,7
2101400;Balsas;  7 309;12,9;   503;2,8;  1 590;7,8;  2 656;20,0;  2 560;49,3
2101608;Barra do Corda;  15 628;27,7;  1 288;7,7;  3 887;22,2;  5 327;38,1;  5 126;62,3
2101707;Barreirinhas;  8 770;25,4;   772;6,7;  2 344;20,6;  3 069;39,7;  2 585;65,5
2102325;Buriticupu;  10 957;26,9;  1 081;8,0;  3 068;21,9;  4 048;44,1;  2 760;68,6
2103208;Chapadinha;  12 428;25,4;  1 033;6,9;  2 960;19,3;  4 455;37,3;  3 980;61,1
2103604;Coroatá;  13 420;32,2;   978;8,2;  3 230;24,8;  5 013;47,0;  4 199;68,5
2104800;Grajaú;  8 982;22,2;  1 006;7,5;  2 374;17,9;  2 995;32,8;  2 607;55,6
2105401;Itapecuru Mirim;  11 281;27,1;   792;6,2;  2 624;20,1;  4 194;41,2;  3 671;66,7
2108603;Pinheiro;  9 854;17,8;   809;5,0;  2 115;11,9;  3 297;24,0;  3 633;48,1
2109908;Santa Inês;  9 491;17,6;   567;3,8;  1 782;9,8;  3 185;23,8;  3 957;53,7
2110005;Santa Luzia;  15 758;33,3;  1 447;10,0;  4 074;27,2;  5 735;49,8;  4 502;71,2
2112506;Tutóia;  9 886;28,9;  1 035;9,0;  2 680;25,3;  3 383;43,2;  2 788;64,9
2114007;Zé Doca;  8 175;24,2;   739;7,3;  1 849;16,6;  2 876;35,7;  2 711;60,5
;De 100.001 a 500.000 ;  131 328;16,1;  8 839;3,8;  27 758;9,9;  47 075;22,5;  47 656;49,7
2100055;Açailândia;  12 680;17,7;   807;3,8;  2 975;11,7;  5 000;28,2;  3 898;55,9
2101202;Bacabal;  15 070;21,4;  1 057;5,4;  3 222;14,0;  5 456;30,1;  5 335;54,4
2103000;Caxias;  28 031;25,8;  2 120;7,0;  5 860;17,1;  10 022;35,8;  10 029;61,6
2103307;Codó;  24 490;30,5;  1 822;7,9;  5 469;22,6;  8 665;42,7;  8 534;67,5
2105302;Imperatriz;  19 638;10,9;   956;1,9;  3 368;5,3;  6 647;14,2;  8 667;42,5
2107506;Paço do Lumiar;  4 443;5,8;   344;1,6;   965;3,3;  1 539;7,7;  1 595;24,5
2111201;São José de Ribamar;  7 921;6,7;   533;1,5;  1 697;3,9;  2 820;9,5;  2 871;28,5
2112209;Timon;  19 055;17,3;  1 200;3,9;  4 202;11,0;  6 926;24,5;  6 727;50,8
;Mais de 500.000 ;  36 158;4,7;  2 776;1,3;  7 257;2,6;  12 652;6,1;  13 473;17,3
2111300;São Luís;  36 158;4,7;  2 776;1,3;  7 257;2,6;  12 652;6,1;  13 473;17,3
;;;;;;;;;;;
;;;;;;;;;;;
;;;;;;;;;;;
;;;;;;;;;;;
;;;;;;;;;;;
;;;;;;;;;;;
;;;;;;;;;;;
;;;;;;;;;;;
;;;;;;;;;;;
;;;;;;;;;;;
;;;;;;;;;;;
;;;;;;;;;;;
;;;;;;;;;;;
;;;;;;;;;;;
;;;;;;;;;;;
;;;;;;;;;;;
;;;;;;;;;;;
;;;;;;;;;;;
;;;;;;;;;;;
;;;;;;;;;;;
;;;;;;;;;;;
;;;;;;;;;;;
;;;;;;;;;;;
;;;;;;;;;;;
;;;;;;;;;;;
;;;;;;;;;;;
;;;;;;;;;;;
;;;;;;;;;;;
;;;;;;;;;;;
;;;;;;;;;;;
;;;;;;;;;;;
;;;;;;;;;;;
;;;;;;;;;;;
;;;;;;;;;;;
;;;;;;;;;;;
;;;;;;;;;;;
;;;;;;;;;;;
;;;;;;;;;;;
;;;;;;;;;;;
;;;;;;;;;;;
;;;;;;;;;;;
;;;;;;;;;;;
;;;;;;;;;;;
;;;;;;;;;;;
;;;;;;;;;;;
;;;;;;;;;;;
;;;;;;;;;;;
;;;;;;;;;;;
;;;;;;;;;;;
;;;;;;;;;;;
;;;;;;;;;;;
;;;;;;;;;;;
;;;;;;;;;;;
;;;;;;;;;;;
;;;;;;;;;;;
;;;;;;;;;;;
;;;;;;;;;;;
;;;;;;;;;;;
;;;;;;;;;;;
;;;;;;;;;;;
;;;;;;;;;;;
;;;;;;;;;;;
;;;;;;;;;;;
;;;;;;;;;;;
;;;;;;;;;;;
;;;;;;;;;;;
;;;;;;;;;;;
;;;;;;;;;;;
;;;;;;;;;;;
;;;;;;;;;;;
;;;;;;;;;;;
;;;;;;;;;;;
;;;;;;;;;;;
;;;;;;;;;;;
;;;;;;;;;;;
;;;;;;;;;;;
;;;;;;;;;;;
;;;;;;;;;;;
;;;;;;;;;;;
;;;;;;;;;;;
;;;;;;;;;;;
;;;;;;;;;;;
;;;;;;;;;;;
;;;;;;;;;;;
;;;;;;;;;;;
;;;;;;;;;;;
;;;;;;;;;;;
;;;;;;;;;;;
;;;;;;;;;;;
;;;;;;;;;;;
;;;;;;;;;;;
;;;;;;;;;;;
;;;;;;;;;;;
;;;;;;;;;;;
;;;;;;;;;;;
;;;;;;;;;;;
;;;;;;;;;;;
;;;;;;;;;;;
;;;;;;;;;;;
;;;;;;;;;;;
;;;;;;;;;;;
;;;;;;;;;;;
;;;;;;;;;;;
;;;;;;;;;;;
;;;;;;;;;;;
;;;;;;;;;;;
;;;;;;;;;;;
;;;;;;;;;;;
;;;;;;;;;;;
;;;;;;;;;;;
;;;;;;;;;;;
;;;;;;;;;;;
;;;;;;;;;;;
;;;;;;;;;;;
;;;;;;;;;;;
;;;;;;;;;;;
;;;;;;;;;;;
;;;;;;;;;;;
;;;;;;;;;;;
;;;;;;;;;;;
;;;;;;;;;;;
;;;;;;;;;;;
;;;;;;;;;;;
;;;;;;;;;;;
;;;;;;;;;;;
;;;;;;;;;;;
;;;;;;;;;;;
;;;;;;;;;;;
;;;;;;;;;;;
;;;;;;;;;;;
;;;;;;;;;;;
;;;;;;;;;;;
;;;;;;;;;;;
;;;;;;;;;;;
;;;;;;;;;;;
;;;;;;;;;;;
;;;;;;;;;;;
;;;;;;;;;;;
;;;;;;;;;;;
;;;;;;;;;;;
;;;;;;;;;;;
;;;;;;;;;;;
;;;;;;;;;;;
;;;;;;;;;;;
;;;;;;;;;;;
;;;;;;;;;;;
;;;;;;;;;;;
;;;;;;;;;;;
;;;;;;;;;;;
;;;;;;;;;;;
;;;;;;;;;;;
;;;;;;;;;;;
;;;;;;;;;;;
;;;;;;;;;;;
;;;;;;;;;;;
;;;;;;;;;;;
;;;;;;;;;;;
;;;;;;;;;;;
;;;;;;;;;;;
;;;;;;;;;;;
;;;;;;;;;;;
;;;;;;;;;;;
;;;;;;;;;;;
;;;;;;;;;;;
;;;;;;;;;;;
;;;;;;;;;;;
;;;;;;;;;;;
;;;;;;;;;;;
;;;;;;;;;;;
;;;;;;;;;;;
;;;;;;;;;;;
;;;;;;;;;;;
;;;;;;;;;;;
;;;;;;;;;;;
;;;;;;;;;;;
;;;;;;;;;;;
;;;;;;;;;;;
;;;;;;;;;;;
;;;;;;;;;;;
;;;;;;;;;;;
;;;;;;;;;;;
;;;;;;;;;;;
;;;;;;;;;;;
;;;;;;;;;;;
;;;;;;;;;;;
;;;;;;;;;;;
;;;;;;;;;;;
;;;;;;;;;;;
;;;;;;;;;;;
;;;;;;;;;;;
;;;;;;;;;;;
;;;;;;;;;;;
;;;;;;;;;;;
;;;;;;;;;;;
;;;;;;;;;;;
;;;;;;;;;;;
;;;;;;;;;;;
;;;;;;;;;;;
;;;;;;;;;;;
;;;;;;;;;;;
;;;;;;;;;;;
;;;;;;;;;;;
;;;;;;;;;;;
;;;;;;;;;;;
;;;;;;;;;;;
;;;;;;;;;;;
;;;;;;;;;;;
;;;;;;;;;;;
;;;;;;;;;;;
;;;;;;;;;;;
;;;;;;;;;;;
;;;;;;;;;;;
;;;;;;;;;;;
;;;;;;;;;;;
;;;;;;;;;;;
;;;;;;;;;;;
;;;;;;;;;;;
;;;;;;;;;;;
;;;;;;;;;;;
;;;;;;;;;;;
;;;;;;;;;;;
;;;;;;;;;;;
;;;;;;;;;;;
;;;;;;;;;;;
;;;;;;;;;;;
;;;;;;;;;;;
;;;;;;;;;;;
;;;;;;;;;;;
;;;;;;;;;;;
;;;;;;;;;;;
;;;;;;;;;;;
;;;;;;;;;;;
;;;;;;;;;;;
;;;;;;;;;;;
;;;;;;;;;;;
;;;;;;;;;;;
;;;;;;;;;;;
;;;;;;;;;;;
;;;;;;;;;;;
;;;;;;;;;;;
;;;;;;;;;;;
;;;;;;;;;;;
;;;;;;;;;;;
;;;;;;;;;;;
;;;;;;;;;;;
;;;;;;;;;;;
;;;;;;;;;;;
;;;;;;;;;;;
;;;;;;;;;;;
;;;;;;;;;;;
;;;;;;;;;;;
;;;;;;;;;;;
;;;;;;;;;;;
;;;;;;;;;;;
;;;;;;;;;;;
;;;;;;;;;;;
;;;;;;;;;;;
;;;;;;;;;;;
;;;;;;;;;;;
;;;;;;;;;;;
;;;;;;;;;;;
;;;;;;;;;;;
;;;;;;;;;;;
;;;;;;;;;;;
;;;;;;;;;;;
;;;;;;;;;;;
;;;;;;;;;;;
;;;;;;;;;;;
;;;;;;;;;;;
;;;;;;;;;;;
;;;;;;;;;;;
;;;;;;;;;;;
;;;;;;;;;;;
;;;;;;;;;;;
;;;;;;;;;;;
;;;;;;;;;;;
;;;;;;;;;;;
;;;;;;;;;;;
;;;;;;;;;;;
;;;;;;;;;;;
;;;;;;;;;;;
;;;;;;;;;;;
;;;;;;;;;;;
;;;;;;;;;;;
;;;;;;;;;;;
;;;;;;;;;;;
;;;;;;;;;;;
;;;;;;;;;;;
;;;;;;;;;;;
;;;;;;;;;;;
;;;;;;;;;;;
;;;;;;;;;;;
;;;;;;;;;;;
;;;;;;;;;;;
;;;;;;;;;;;
;;;;;;;;;;;
;;;;;;;;;;;
;;;;;;;;;;;
;;;;;;;;;;;
;;;;;;;;;;;
;;;;;;;;;;;
;;;;;;;;;;;
;;;;;;;;;;;
;;;;;;;;;;;
;;;;;;;;;;;
;;;;;;;;;;;
;;;;;;;;;;;
;;;;;;;;;;;
;;;;;;;;;;;
;;;;;;;;;;;
;;;;;;;;;;;
;;;;;;;;;;;
;;;;;;;;;;;
;;;;;;;;;;;
;;;;;;;;;;;
;;;;;;;;;;;
;;;;;;;;;;;
;;;;;;;;;;;
;;;;;;;;;;;
;;;;;;;;;;;
;;;;;;;;;;;
;;;;;;;;;;;
;;;;;;;;;;;
;;;;;;;;;;;
;;;;;;;;;;;
;;;;;;;;;;;
;;;;;;;;;;;
;;;;;;;;;;;
;;;;;;;;;;;
;;;;;;;;;;;
;;;;;;;;;;;
;;;;;;;;;;;
;;;;;;;;;;;
;;;;;;;;;;;
;;;;;;;;;;;
;;;;;;;;;;;
;;;;;;;;;;;
;;;;;;;;;;;
;;;;;;;;;;;
;;;;;;;;;;;
;;;;;;;;;;;
;;;;;;;;;;;
;;;;;;;;;;;
;;;;;;;;;;;
;;;;;;;;;;;
;;;;;;;;;;;
;;;;;;;;;;;
;;;;;;;;;;;
;;;;;;;;;;;
;;;;;;;;;;;
;;;;;;;;;;;
;;;;;;;;;;;
;;;;;;;;;;;
;;;;;;;;;;;
;;;;;;;;;;;
;;;;;;;;;;;
;;;;;;;;;;;
;;;;;;;;;;;
;;;;;;;;;;;
;;;;;;;;;;;
;;;;;;;;;;;
;;;;;;;;;;;
;;;;;;;;;;;
;;;;;;;;;;;
;;;;;;;;;;;
;;;;;;;;;;;
;;;;;;;;;;;
;;;;;;;;;;;
;;;;;;;;;;;
;;;;;;;;;;;
;;;;;;;;;;;
;;;;;;;;;;;
;;;;;;;;;;;
;;;;;;;;;;;
;;;;;;;;;;;
;;;;;;;;;;;
;;;;;;;;;;;
;;;;;;;;;;;
;;;;;;;;;;;
;;;;;;;;;;;
;;;;;;;;;;;
;;;;;;;;;;;
;;;;;;;;;;;
;;;;;;;;;;;
;;;;;;;;;;;
;;;;;;;;;;;
;;;;;;;;;;;
;;;;;;;;;;;
;;;;;;;;;;;
;;;;;;;;;;;
;;;;;;;;;;;
;;;;;;;;;;;
;;;;;;;;;;;
;;;;;;;;;;;
;;;;;;;;;;;
;;;;;;;;;;;
;;;;;;;;;;;
;;;;;;;;;;;
;;;;;;;;;;;
;;;;;;;;;;;
;;;;;;;;;;;
;;;;;;;;;;;
;;;;;;;;;;;
;;;;;;;;;;;
;;;;;;;;;;;
;;;;;;;;;;;
;;;;;;;;;;;
;;;;;;;;;;;
;;;;;;;;;;;
;;;;;;;;;;;
;;;;;;;;;;;
;;;;;;;;;;;
;;;;;;;;;;;
;;;;;;;;;;;
;;;;;;;;;;;
;;;;;;;;;;;
;;;;;;;;;;;
;;;;;;;;;;;
;;;;;;;;;;;
;;;;;;;;;;;
;;;;;;;;;;;
;;;;;;;;;;;
;;;;;;;;;;;
;;;;;;;;;;;
;;;;;;;;;;;
;;;;;;;;;;;
;;;;;;;;;;;
;;;;;;;;;;;
;;;;;;;;;;;
;;;;;;;;;;;
;;;;;;;;;;;
;;;;;;;;;;;
;;;;;;;;;;;
;;;;;;;;;;;
;;;;;;;;;;;
;;;;;;;;;;;
;;;;;;;;;;;
;;;;;;;;;;;
;;;;;;;;;;;
;;;;;;;;;;;
;;;;;;;;;;;
;;;;;;;;;;;
;;;;;;;;;;;
;;;;;;;;;;;
;;;;;;;;;;;
;;;;;;;;;;;
;;;;;;;;;;;
;;;;;;;;;;;
;;;;;;;;;;;
;;;;;;;;;;;
;;;;;;;;;;;
;;;;;;;;;;;
;;;;;;;;;;;
;;;;;;;;;;;
;;;;;;;;;;;
;;;;;;;;;;;
;;;;;;;;;;;
;;;;;;;;;;;
;;;;;;;;;;;
;;;;;;;;;;;
;;;;;;;;;;;
;;;;;;;;;;;
;;;;;;;;;;;
;;;;;;;;;;;
;;;;;;;;;;;
;;;;;;;;;;;
;;;;;;;;;;;
;;;;;;;;;;;
;;;;;;;;;;;
;;;;;;;;;;;
;;;;;;;;;;;
;;;;;;;;;;;
;;;;;;;;;;;
;;;;;;;;;;;
;;;;;;;;;;;
;;;;;;;;;;;
;;;;;;;;;;;
;;;;;;;;;;;
;;;;;;;;;;;
;;;;;;;;;;;
;;;;;;;;;;;
;;;;;;;;;;;
;;;;;;;;;;;
;;;;;;;;;;;
;;;;;;;;;;;
;;;;;;;;;;;
;;;;;;;;;;;
;;;;;;;;;;;
;;;;;;;;;;;
;;;;;;;;;;;
;;;;;;;;;;;
;;;;;;;;;;;
;;;;;;;;;;;
;;;;;;;;;;;
;;;;;;;;;;;
;;;;;;;;;;;
;;;;;;;;;;;
;;;;;;;;;;;
;;;;;;;;;;;
;;;;;;;;;;;
;;;;;;;;;;;
;;;;;;;;;;;
;;;;;;;;;;;
;;;;;;;;;;;
;;;;;;;;;;;
;;;;;;;;;;;
;;;;;;;;;;;
;;;;;;;;;;;
;;;;;;;;;;;
;;;;;;;;;;;
;;;;;;;;;;;
;;;;;;;;;;;
;;;;;;;;;;;
;;;;;;;;;;;
;;;;;;;;;;;
;;;;;;;;;;;
;;;;;;;;;;;
;;;;;;;;;;;
;;;;;;;;;;;
;;;;;;;;;;;
;;;;;;;;;;;
;;;;;;;;;;;
;;;;;;;;;;;
;;;;;;;;;;;
;;;;;;;;;;;
;;;;;;;;;;;
;;;;;;;;;;;
;;;;;;;;;;;
;;;;;;;;;;;
;;;;;;;;;;;
;;;;;;;;;;;
;;;;;;;;;;;
;;;;;;;;;;;
;;;;;;;;;;;
;;;;;;;;;;;
;;;;;;;;;;;
;;;;;;;;;;;
;;;;;;;;;;;
;;;;;;;;;;;
;;;;;;;;;;;
;;;;;;;;;;;
;;;;;;;;;;;
;;;;;;;;;;;
;;;;;;;;;;;
;;;;;;;;;;;
;;;;;;;;;;;
;;;;;;;;;;;
;;;;;;;;;;;
;;;;;;;;;;;
;;;;;;;;;;;
;;;;;;;;;;;
;;;;;;;;;;;
;;;;;;;;;;;
;;;;;;;;;;;
;;;;;;;;;;;
;;;;;;;;;;;
;;;;;;;;;;;
;;;;;;;;;;;
;;;;;;;;;;;
;;;;;;;;;;;
;;;;;;;;;;;
;;;;;;;;;;;
;;;;;;;;;;;
;;;;;;;;;;;
;;;;;;;;;;;
;;;;;;;;;;;
;;;;;;;;;;;
;;;;;;;;;;;
;;;;;;;;;;;
;;;;;;;;;;;
;;;;;;;;;;;
;;;;;;;;;;;
;;;;;;;;;;;
;;;;;;;;;;;
;;;;;;;;;;;
;;;;;;;;;;;
;;;;;;;;;;;
;;;;;;;;;;;
;;;;;;;;;;;
;;;;;;;;;;;
;;;;;;;;;;;
;;;;;;;;;;;
;;;;;;;;;;;
;;;;;;;;;;;
;;;;;;;;;;;
;;;;;;;;;;;
;;;;;;;;;;;
;;;;;;;;;;;
;;;;;;;;;;;
;;;;;;;;;;;
;;;;;;;;;;;
;;;;;;;;;;;
;;;;;;;;;;;
;;;;;;;;;;;
;;;;;;;;;;;
;;;;;;;;;;;
;;;;;;;;;;;
;;;;;;;;;;;
;;;;;;;;;;;
;;;;;;;;;;;
;;;;;;;;;;;
;;;;;;;;;;;
;;;;;;;;;;;
;;;;;;;;;;;
;;;;;;;;;;;
;;;;;;;;;;;
;;;;;;;;;;;
;;;;;;;;;;;
;;;;;;;;;;;
;;;;;;;;;;;
;;;;;;;;;;;
;;;;;;;;;;;
;;;;;;;;;;;
;;;;;;;;;;;
;;;;;;;;;;;
;;;;;;;;;;;
;;;;;;;;;;;
;;;;;;;;;;;
;;;;;;;;;;;
;;;;;;;;;;;
;;;;;;;;;;;
;;;;;;;;;;;
;;;;;;;;;;;
;;;;;;;;;;;
;;;;;;;;;;;
;;;;;;;;;;;
;;;;;;;;;;;
;;;;;;;;;;;
;;;;;;;;;;;
;;;;;;;;;;;
;;;;;;;;;;;
;;;;;;;;;;;
;;;;;;;;;;;
;;;;;;;;;;;
;;;;;;;;;;;
;;;;;;;;;;;
;;;;;;;;;;;
;;;;;;;;;;;
;;;;;;;;;;;
;;;;;;;;;;;
;;;;;;;;;;;
;;;;;;;;;;;
;;;;;;;;;;;
;;;;;;;;;;;
;;;;;;;;;;;
;;;;;;;;;;;
;;;;;;;;;;;
;;;;;;;;;;;
;;;;;;;;;;;
;;;;;;;;;;;
;;;;;;;;;;;
;;;;;;;;;;;
;;;;;;;;;;;
;;;;;;;;;;;
;;;;;;;;;;;
;;;;;;;;;;;
;;;;;;;;;;;
;;;;;;;;;;;
;;;;;;;;;;;
;;;;;;;;;;;
;;;;;;;;;;;
;;;;;;;;;;;
;;;;;;;;;;;
;;;;;;;;;;;
;;;;;;;;;;;
;;;;;;;;;;;
;;;;;;;;;;;
;;;;;;;;;;;
;;;;;;;;;;;
;;;;;;;;;;;
;;;;;;;;;;;
;;;;;;;;;;;
;;;;;;;;;;;
;;;;;;;;;;;
;;;;;;;;;;;
;;;;;;;;;;;
;;;;;;;;;;;
;;;;;;;;;;;
;;;;;;;;;;;
;;;;;;;;;;;
;;;;;;;;;;;
;;;;;;;;;;;
;;;;;;;;;;;
;;;;;;;;;;;
;;;;;;;;;;;
;;;;;;;;;;;
;;;;;;;;;;;
;;;;;;;;;;;
;;;;;;;;;;;
;;;;;;;;;;;
;;;;;;;;;;;
;;;;;;;;;;;
;;;;;;;;;;;
;;;;;;;;;;;
;;;;;;;;;;;
;;;;;;;;;;;
;;;;;;;;;;;
;;;;;;;;;;;
;;;;;;;;;;;
;;;;;;;;;;;
;;;;;;;;;;;
;;;;;;;;;;;
;;;;;;;;;;;
;;;;;;;;;;;
;;;;;;;;;;;
;;;;;;;;;;;
;;;;;;;;;;;
;;;;;;;;;;;
;;;;;;;;;;;
;;;;;;;;;;;
;;;;;;;;;;;
;;;;;;;;;;;
;;;;;;;;;;;
;;;;;;;;;;;
;;;;;;;;;;;
;;;;;;;;;;;
;;;;;;;;;;;
;;;;;;;;;;;
;;;;;;;;;;;
;;;;;;;;;;;
;;;;;;;;;;;
;;;;;;;;;;;
;;;;;;;;;;;
;;;;;;;;;;;
;;;;;;;;;;;
;;;;;;;;;;;
;;;;;;;;;;;
;;;;;;;;;;;
;;;;;;;;;;;
;;;;;;;;;;;
;;;;;;;;;;;
;;;;;;;;;;;
;;;;;;;;;;;
;;;;;;;;;;;
;;;;;;;;;;;
;;;;;;;;;;;
;;;;;;;;;;;
;;;;;;;;;;;
;;;;;;;;;;;
;;;;;;;;;;;
;;;;;;;;;;;
;;;;;;;;;;;
;;;;;;;;;;;
;;;;;;;;;;;
;;;;;;;;;;;
;;;;;;;;;;;
;;;;;;;;;;;
;;;;;;;;;;;
;;;;;;;;;;;
;;;;;;;;;;;
;;;;;;;;;;;
;;;;;;;;;;;
;;;;;;;;;;;
;;;;;;;;;;;
;;;;;;;;;;;
;;;;;;;;;;;
;;;;;;;;;;;
;;;;;;;;;;;
;;;;;;;;;;;
;;;;;;;;;;;
;;;;;;;;;;;
;;;;;;;;;;;
;;;;;;;;;;;
;;;;;;;;;;;
;;;;;;;;;;;
;;;;;;;;;;;
;;;;;;;;;;;
;;;;;;;;;;;
;;;;;;;;;;;
;;;;;;;;;;;
;;;;;;;;;;;
;;;;;;;;;;;
;;;;;;;;;;;
;;;;;;;;;;;
;;;;;;;;;;;
;;;;;;;;;;;
;;;;;;;;;;;
;;;;;;;;;;;
;;;;;;;;;;;
;;;;;;;;;;;
;;;;;;;;;;;
;;;;;;;;;;;
;;;;;;;;;;;
;;;;;;;;;;;
;;;;;;;;;;;
;;;;;;;;;;;
;;;;;;;;;;;
;;;;;;;;;;;
;;;;;;;;;;;
;;;;;;;;;;;
;;;;;;;;;;;
;;;;;;;;;;;
;;;;;;;;;;;
;;;;;;;;;;;
;;;;;;;;;;;
;;;;;;;;;;;
;;;;;;;;;;;
;;;;;;;;;;;
;;;;;;;;;;;
;;;;;;;;;;;
;;;;;;;;;;;
;;;;;;;;;;;
;;;;;;;;;;;
;;;;;;;;;;;
;;;;;;;;;;;
;;;;;;;;;;;
;;;;;;;;;;;
;;;;;;;;;;;
;;;;;;;;;;;
;;;;;;;;;;;
;;;;;;;;;;;
;;;;;;;;;;;
;;;;;;;;;;;
;;;;;;;;;;;
;;;;;;;;;;;
;;;;;;;;;;;
;;;;;;;;;;;
;;;;;;;;;;;
;;;;;;;;;;;
;;;;;;;;;;;
;;;;;;;;;;;
;;;;;;;;;;;
;;;;;;;;;;;
;;;;;;;;;;;
;;;;;;;;;;;
;;;;;;;;;;;
;;;;;;;;;;;
;;;;;;;;;;;
;;;;;;;;;;;
;;;;;;;;;;;
;;;;;;;;;;;
;;;;;;;;;;;
;;;;;;;;;;;
;;;;;;;;;;;
;;;;;;;;;;;
;;;;;;;;;;;
;;;;;;;;;;;
;;;;;;;;;;;
;;;;;;;;;;;
;;;;;;;;;;;
;;;;;;;;;;;
;;;;;;;;;;;
;;;;;;;;;;;
;;;;;;;;;;;
;;;;;;;;;;;
;;;;;;;;;;;
;;;;;;;;;;;
;;;;;;;;;;;
;;;;;;;;;;;
;;;;;;;;;;;
;;;;;;;;;;;
;;;;;;;;;;;
;;;;;;;;;;;
;;;;;;;;;;;
;;;;;;;;;;;
;;;;;;;;;;;
;;;;;;;;;;;
;;;;;;;;;;;
;;;;;;;;;;;
;;;;;;;;;;;
;;;;;;;;;;;
;;;;;;;;;;;
;;;;;;;;;;;
;;;;;;;;;;;
;;;;;;;;;;;
;;;;;;;;;;;
;;;;;;;;;;;
;;;;;;;;;;;
;;;;;;;;;;;
;;;;;;;;;;;
;;;;;;;;;;;
;;;;;;;;;;;
;;;;;;;;;;;
;;;;;;;;;;;
;;;;;;;;;;;
;;;;;;;;;;;
;;;;;;;;;;;
;;;;;;;;;;;
;;;;;;;;;;;
;;;;;;;;;;;
;;;;;;;;;;;
;;;;;;;;;;;
;;;;;;;;;;;
;;;;;;;;;;;
;;;;;;;;;;;
;;;;;;;;;;;
;;;;;;;;;;;
;;;;;;;;;;;
;;;;;;;;;;;
;;;;;;;;;;;
;;;;;;;;;;;
;;;;;;;;;;;
;;;;;;;;;;;
;;;;;;;;;;;
;;;;;;;;;;;
;;;;;;;;;;;
;;;;;;;;;;;
;;;;;;;;;;;
;;;;;;;;;;;
;;;;;;;;;;;
;;;;;;;;;;;
;;;;;;;;;;;
;;;;;;;;;;;
;;;;;;;;;;;
;;;;;;;;;;;
;;;;;;;;;;;
;;;;;;;;;;;
;;;;;;;;;;;
;;;;;;;;;;;
;;;;;;;;;;;
;;;;;;;;;;;
;;;;;;;;;;;
;;;;;;;;;;;
;;;;;;;;;;;
;;;;;;;;;;;
;;;;;;;;;;;
;;;;;;;;;;;
;;;;;;;;;;;
;;;;;;;;;;;
;;;;;;;;;;;
;;;;;;;;;;;
;;;;;;;;;;;
;;;;;;;;;;;
;;;;;;;;;;;
;;;;;;;;;;;
;;;;;;;;;;;
;;;;;;;;;;;
;;;;;;;;;;;
;;;;;;;;;;;
;;;;;;;;;;;
;;;;;;;;;;;
;;;;;;;;;;;
;;;;;;;;;;;
;;;;;;;;;;;
;;;;;;;;;;;
;;;;;;;;;;;
;;;;;;;;;;;
;;;;;;;;;;;
;;;;;;;;;;;
;;;;;;;;;;;
;;;;;;;;;;;
;;;;;;;;;;;
;;;;;;;;;;;
;;;;;;;;;;;
;;;;;;;;;;;
;;;;;;;;;;;
;;;;;;;;;;;
;;;;;;;;;;;
;;;;;;;;;;;
;;;;;;;;;;;
;;;;;;;;;;;
;;;;;;;;;;;
;;;;;;;;;;;
;;;;;;;;;;;
;;;;;;;;;;;
;;;;;;;;;;;
;;;;;;;;;;;
;;;;;;;;;;;
;;;;;;;;;;;
;;;;;;;;;;;
;;;;;;;;;;;
;;;;;;;;;;;
;;;;;;;;;;;
;;;;;;;;;;;
;;;;;;;;;;;
;;;;;;;;;;;
;;;;;;;;;;;
;;;;;;;;;;;
;;;;;;;;;;;
;;;;;;;;;;;
;;;;;;;;;;;
;;;;;;;;;;;
;;;;;;;;;;;
;;;;;;;;;;;
;;;;;;;;;;;
;;;;;;;;;;;
;;;;;;;;;;;
;;;;;;;;;;;
;;;;;;;;;;;
;;;;;;;;;;;
;;;;;;;;;;;
;;;;;;;;;;;
;;;;;;;;;;;
;;;;;;;;;;;
;;;;;;;;;;;
;;;;;;;;;;;
;;;;;;;;;;;
;;;;;;;;;;;
;;;;;;;;;;;
;;;;;;;;;;;
;;;;;;;;;;;
;;;;;;;;;;;
;;;;;;;;;;;
;;;;;;;;;;;
;;;;;;;;;;;
;;;;;;;;;;;
;;;;;;;;;;;
;;;;;;;;;;;
;;;;;;;;;;;
;;;;;;;;;;;
;;;;;;;;;;;
;;;;;;;;;;;
;;;;;;;;;;;
;;;;;;;;;;;
;;;;;;;;;;;
;;;;;;;;;;;
;;;;;;;;;;;
;;;;;;;;;;;
;;;;;;;;;;;
;;;;;;;;;;;
;;;;;;;;;;;
;;;;;;;;;;;
;;;;;;;;;;;
;;;;;;;;;;;
;;;;;;;;;;;
;;;;;;;;;;;
;;;;;;;;;;;
;;;;;;;;;;;
;;;;;;;;;;;
;;;;;;;;;;;
;;;;;;;;;;;
;;;;;;;;;;;
;;;;;;;;;;;
;;;;;;;;;;;
;;;;;;;;;;;
;;;;;;;;;;;
;;;;;;;;;;;
;;;;;;;;;;;
;;;;;;;;;;;
;;;;;;;;;;;
;;;;;;;;;;;
;;;;;;;;;;;
;;;;;;;;;;;
;;;;;;;;;;;
;;;;;;;;;;;
;;;;;;;;;;;
;;;;;;;;;;;
;;;;;;;;;;;
;;;;;;;;;;;
;;;;;;;;;;;
;;;;;;;;;;;
;;;;;;;;;;;
;;;;;;;;;;;
;;;;;;;;;;;
;;;;;;;;;;;
;;;;;;;;;;;
;;;;;;;;;;;
;;;;;;;;;;;
;;;;;;;;;;;
;;;;;;;;;;;
;;;;;;;;;;;
;;;;;;;;;;;
;;;;;;;;;;;
;;;;;;;;;;;
;;;;;;;;;;;
;;;;;;;;;;;
;;;;;;;;;;;
;;;;;;;;;;;
;;;;;;;;;;;
;;;;;;;;;;;
;;;;;;;;;;;
;;;;;;;;;;;
;;;;;;;;;;;
